Category,Content,Link,Source,Title
Sports,"Donovan Mitchellâ€™s 39 points have led hosts Cleveland Cavaliers to the Eastern Conference semifinals with a 106-94 victory over Orlando Magic in Game 7 of their first-round series. Mitchell, who scored 17 points in the third quarter, made 15 of 17 free-throw attempts and added nine rebounds and five assists on Sunday. His scintillating performance came on the heels of a 50-point effort in Clevelandâ€™s 103-96 loss in Orlando on Friday. Caris LeVert scored 15 points off the bench and Max Strus added 13 for the fourth-seeded Cavaliers, who overcame an 18-point deficit to record their fourth win at home in the series. Donovan Mitchell's scoring and electric 3Q advance the   to the Eastern Conference Semifinals! CLE visits BOS for Game 1 on Tuesday on TNT at 7pm/et. Caris LeVert: 15 PTS, 5 REB Max Strus: 13 PTS, 3 3PM Paolo Banchero: 38 PTS, 16 REB  â€” NBA (@NBA)  Cleveland, who posted their first playoff series win in six years, will visit the top-seeded Boston Celtics in Game 1 of the conference semifinals on Tuesday. The Celtics captured two of the three meetings in the regular season. â€œWe can be better,â€ Mitchell said after the game. â€œI hate to be that guy. This was a great win, great series, great test for us mentally and physically. But we can â€“ and will have to be â€“ better to beat Boston. No disrespect to Orlando because they are a phenomenal team with a lot of great guys. I feel that this is big for us as a group, but we really donâ€™t have time to celebrate.â€ The Cavaliers won despite playing without All-Star centre Jarrett Allen for the third straight game. Orlandoâ€™s Paolo Banchero collected 38 points and 16 rebounds while playing in his first career Game 7. â€œThey went on a heck of a run,â€ Magic coach Jamahl Mosley said of the Cavs. â€œI think they did a great job of forcing tough shots. Those tough shots and long shots led to runouts. We got stagnant a little bit [but] we found something that worked. Then we missed a couple [of] shots and they were able to get out and run. Donovan got downhill quite a bit, similar to last game.â€ THE CONFERENCE SEMIFINALS ARE SET ğŸ‘€ The 2024   presented by Google Pixel continue Monday on TNT!  â€” NBA (@NBA)",https://www.aljazeera.com/sports/2024/5/6/nba-playoffs-mitchell-leads-cavs-to-semis-with-win-over-magic,Al Jazeera,Cleveland Cavaliers in Eastern Conference semis with win over Orlando Magic
Sports,"Anthony Edwards scored 43 points, Karl-Anthony Towns finished with 20 and the visiting Minnesota Timberwolves took home-court advantage from Denver with a 106-99 win over the Nuggets in Game 1 of a Western Conference semifinal series. Naz Reid scored 14 of his 16 points in the fourth quarter, Mike Conley had 14 points and 10 assists and Rudy Gobert grabbed 13 rebounds for Minnesota, which pulled away to begin the postseason 5-0. â€œThey are defending champs, theyâ€™re a hard team to beat. Great team. They got great players,â€ Edwards said of the Nuggets. â€œThey got the best player in the league with Nikola Jokic, they got the best closer with Jamal Murray, the best 3-point shooter with Michael Porter Jr So, it is tough to beat this team.â€ Game 2 is in Denver on Monday. Anthony Edwards puts on a show and drops a playoff career-high to lift the   to the Game 1 win in Denver! Karl-Anthony Towns: 20 PTS (8-13 FGM), 4 REB Naz Reid: 16 PTS (14 in 4Q), 4 REB Nikola Jokic: 32 PTS, 8 REB, 9 AST, 3 STL Game 2: Monday, 10pm/et on TNT  â€” NBA (@NBA)  Jokic had 32 points, Porter added 20 and Murray finished with 17, all in the second half, for the Nuggets, who are trailing in a playoff series for the first time since losing to the Golden State Warriors in the first round in 2022. It was a tight game early in the fourth, but the Timberwolves were more poised down the stretch. Conley hit his third 3-pointer of the game to give Minnesota an 80-77 lead, but Murray answered from deep and was fouled by Towns. He then proceeded to complete the four-point play. Edwards, who had 25 points in the first half, hit a driving layup through traffic and a pullup 18-footer to put the Timberwolves back in front. Reid hit a pair of 3-pointers, converted a layup and dunked an Edwards miss to give Minnesota a 94-88 lead with 4:20 left. Jokic converted a three-point play, but the Timberwolves then started to put the game away. Gobert made a layup and banked in a 13-footer and Edwards sank two free throws. Porter committed an offensive foul, and Edwardsâ€™ 14-foot fadeaway made it 102-91 with 1:36 left. Jokicâ€™s 3-pointer cut Denverâ€™s deficit to 102-96 with 1:02 to go, but the Timberwolves closed it out. Minnesota jumped out to an 18-4 lead with 5:12 left in the first quarter, but the Nuggets turned up the defence. They forced seven turnovers and held the Timberwolves to 22 points in the final 17 minutes of the first half to lead 44-40 at intermission. Towns and Conley had 11 points apiece in the third quarter to help put Minnesota ahead 73-71 going into the fourth. â€œAn 18-4 start, so we get down early, fight like hell to take the lead at halftime, then we played no defense in the third,â€ Denver coach Michael Malone said. â€œYou canâ€™t just trade baskets with that team.â€",https://www.aljazeera.com/sports/2024/5/5/nba-western-conference-semis-minnesota-stun-nba-champs-denver-in-game-1,Al Jazeera,Minnesota stun NBA champs Denver in Game 1 of Western Conference semis
Sports,"The top-seeded Boston Celtics and Oklahoma City Thunder have rolled to convincing victories in their opening NBA playoff series. Eastern Conference top seeds Boston laid down a marker with a 120-95 rout of the fourth-seeded Cleveland Cavaliers at the TD Garden on Tuesday. Oklahoma City, meanwhile, were made to work harder by Luka Doncic and the Dallas Mavericks before finally pulling clear to seal a 117-95 victory in their Western Conference semifinal series opener. In Boston, Jaylen Brown scored 32 points while Derrick White added 25, including seven three-pointers, in an emphatic win for the Celtics, who are chasing a record 18th NBA championship. Boston were in complete control for most of the game, holding a double-digit lead through the second half to close out an emphatic win at the TD Garden. Boston star Jayson Tatum added 18 points but had an off-night shooting-wise, making just 7-of-19 from the field. Donovan Mitchell led the scoring for Cleveland with 33 points, with Evan Mobley adding 17 and Darius Garland 14. Brown said the Celticsâ€™ defence had laid the foundation for the win. â€œIt starts with defence, we wanted to set the tone on defence and we kept them under 100 (points),â€ Brown told TNT television. â€œBut we feel like weâ€™ve got an answer for everything so we just play the game the right way, and see what they want to take away and then we play after that.â€ Game two in the series takes place in Boston on Thursday. ğŸ† TUESDAY'S FINAL SCORES ğŸ† Jaylen Brown comes out in attack mode, scoring 15 in the 1st, on way to 32 for the game as the   take Game 1! White: 25 PTS, 7 3PM, 5 AST Tatum: 18 PTS, 11 REB, 5 AST Mitchell: 33 PTS, 4 3PM, 6 REB, 5 AST Game 2: Thursday, 7:00pm/et on ESPN  â€” NBA (@NBA)  In Oklahoma City (OKC), the Thunder and the Mavericks fought a nip-and-tuck duel before the top seeds pulled away decisively in the fourth quarter. Trailing by nine points at half-time, Dallas rallied in the third quarter to get within one point at 66-65. But the youthful Thunder lineup began to find their range, Shai Gilgeous-Alexander adding 10 points in the third quarter to help OKC build a 10-point cushion heading into the fourth quarter. Oklahoma Cityâ€™s barrage of scoring continued in the fourth with Jalen Williams adding 10 points as the Thunder outscored their visitors 28-16 to seal victory by a 22-point margin. Gilgeous-Alexander led the OKC scoring, finishing with 29 points, nine rebounds and nine assists while Chet Holmgren added 19 points and Williams 18. Kyrie Irving led Dallas with 20 points while Luka Doncic, struggling with a sore knee, finished with 19 after shooting six-of-19 from the field. Oklahoma City, who have an average age of just over 23, are the youngest team to win a second-round playoff game and were the youngest team to win a postseason series after sweeping the New Orleans Pelicans in the first round. â€œWe donâ€™t worry about all the statistics and the stats, and how young we are,â€ Gilgeous-Alexander said after the win. â€œWe just want to win basketball games at a high level and thatâ€™s what we focus on. â€œWe try to get that done every night and tonight we did so.â€ Doncic said the Mavericks would need to improve dramatically for Game Two taking place in Oklahoma City on Thursday. The Slovenian star brushed off questions about his own shooting performance. â€œWho cares? We lost. Weâ€™ve just got to move on to the next one. Iâ€™ve got to be better, weâ€™ve got to be better,â€ Doncic said. â€œTheyâ€™re a great defensive team and a great offensive team, so itâ€™s not going to be easy at all. Weâ€™re going to have to play very good basketball, focused basketball, for 48 minutes.â€",https://www.aljazeera.com/sports/2024/5/8/nba-playoffs-top-seeded-boston-celtics-okalhoma-thunder-win-opening-games,Al Jazeera,"NBA playoffs: Top-seeded Boston Celtics, Okalhoma Thunder win opening games"
Sports,"Malaysiaâ€™s Football Association has recommended players consider hiring bodyguards while top club Johor Darul Taâ€™zim (JDT) has beefed up security for its squad after their midfielder Safiq Rahim became the third footballer to be attacked in the country in the past week. Former Malaysia captain Safiq Rahim was threatened with a hammer and had his car windscreen smashed by two assailants late on Tuesday. Safiq was not injured in the attack late in southern Johor state following a training session with JohorDarul Taâ€™zim, the local leagueâ€™s defending champion and one of Asiaâ€™s top clubs which is run by the crown prince of the Johor royal family. The 36-year-old midfielder posted a photo of his black Honda with its rear windscreen smashed on Instagram. â€œDidnâ€™t expect to be attacked near the Johor Darul Taâ€™zim (JDT) training centre. We need to be vigilant,â€ he wrote in the post. He also shared a copy of the police report he made on Instagram where he said: â€œTwo men on a motorcycle suddenly approached my car armed with a hammer and smashed my rear car windscreen.â€ â€œI stopped the car and I was in fear.â€ The incident comes within a week of two other attacks on footballers in the Southeast Asian nation. It has led Football Association of Malaysia (FAM) president Hamidin Mohamad Amin to urge high-profile footballers to take precautions about their personal safety, including hiring bodyguards. â€œIf you are a big player, you can consider what the overseas footballers are doing, which is to get a bodyguard,â€ he was quoted as saying by The Star newspaper. Malaysiaâ€™s right winger Faisal Halim is in an intensive care unit with fourth-degree burns after being splashed with acid at the weekend outside the capital Kuala Lumpur. Police are investigating the motive for the attack. Nicknamed â€œMickeyâ€, the 26-year-old plays on the right wing for Selangor Football Club and Malaysia. Faisal suffered burns on the neck, shoulder, hands and chest in Petaling Jaya district over the weekend. â€œI am at the hospital. Faisalâ€™s condition is a bit critical but stable,â€ Football Association of Selangor deputy president Shahril Mokhtar told AFP news agency. He said Faisal was initially diagnosed as having suffered second-degree burns, â€œbut after he was moved to another hospital, a plastic surgeon classified the injuries as fourth-degree burns.â€ Shahril said Faisal would undergo another surgery, adding that his movement and speech had been affected. â€œWe are shocked and disappointed that such an attack happened in Malaysia. My concern is also about the mental health of the other players since the new season begins on Friday,â€ he said. CEO of Selangor Football Club Johan Kamal Hamidon said security has been heightened for the players, officials and staff of the club but he did not elaborate. A photo that went viral online showed a visibly shocked and shirtless Faisal seated on a bench with burn marks on his upper body. The acid attack came three days after another national team player, Akhyar Rashid, was injured in a robbery outside his home in the eastern state of Terengganu. Kuala Terengganu police chief Azli Mohamad Noor said the incidents were unrelated. The Malaysian FA urged fans to â€œstand with Halimâ€ in a post on social media last week. â€œTogether, we all continue to pray that Harimau Malaya player, Faisal Halim will be granted well-being and recovery for him to recover as usual. Our hero, Faisal Halim.â€ ğ’ğ“ğ€ğğƒ ğ–ğˆğ“ğ‡ ğ…ğ€ğˆğ’ğ€ğ‹ ğ‡ğ€ğ‹ğˆğŒ Sama-sama kita semua terus mendoakan agar pemain Harimau Malaya, Faisal Halim diberikan kesejahteraan dan kesembuhan untuk beliau pulih seperti sediakala. Wira kita, Faisal Halim! ğŸ–¤ğŸ’› ğŸ‡²ğŸ‡¾       â€” FA Malaysia (@FAM_Malaysia)",https://www.aljazeera.com/sports/2024/5/8/malaysian-football-on-alert-after-growing-spate-of-attacks-on-top-players,Al Jazeera,Malaysian football on alert after spate of attacks on top players
Sports,"Real Madrid earned what coach Carlo Ancelotti said was a â€œdeservedâ€ La Liga title after beating Cadiz 3-0 and Girona sealed it with a stunning 4-2 victory over Barcelona. Ancelottiâ€™s side did their homework by beating Cadiz and after last seasonâ€™s champions stumbled against Girona, Los Blancos were crowned champions for a record-extending 36th time on Saturday. Gironaâ€™s dramatic victory saw the Catalan minnows qualify for the Champions League for the first time in their history, in only their fourth season in Spainâ€™s top flight. Ancelotti rotated heavily ahead of the Champions League semifinal second-leg clash with Bayern Munich next week, but his players still got the job done. Brahim Diaz netted in the 51st minute to put Madrid ahead and then set up Jude Bellingham, with Joselu tapping home a third. ğŸ™Œ WE ARE THE LALIGA 2023/24 CHAMPIONS! ğŸ™Œ  â€” Real Madrid C.F. ğŸ‡¬ğŸ‡§ğŸ‡ºğŸ‡¸ (@realmadriden)  â€œWeâ€™ve had a spectacular Liga campaign,â€ Ancelotti told reporters. â€œWeâ€™ve made few errors and the advantage is deserved.â€ Madridâ€™s comfortable win over Cadiz sent them 14 points clear of last seasonâ€™s champions Barcelona, in third, with only 12 left to play for. Girona, second after their second 4-2 win over Barcelona this season, trail Madrid by 13 points. â€œWe leave our skins out there on the pitch to live moments like todayâ€™s,â€ Madrid striker Joselu told Real Madrid TV. â€œThere are young players who are very hungry for titles, veterans who are delighted to be hereâ€¦ and these are special moments.â€ ğŸ†ğŸ¤   are crowned CHAMPIONS of   with 4 Matchdays to play!  â€” LALIGA English (@LaLigaEN)  Los Blancos were able to celebrate after Girona came from behind twice to defeat Barcelona in a wild clash, moving second. Barca took the lead through Andreas Christensenâ€™s fine volley after three minutes but La Ligaâ€™s top scorer Artem Dovbyk levelled with his 20th goal of the campaign just a minute later. Robert Lewandowski sent Barcelona ahead with a penalty after Lamine Yamal was felled, but substitute Portu made a huge impact in the second half for Girona. Michel Sanchezâ€™s side netted two goals in two minutes to turn the game on its head. Portu netted the equaliser moments after coming on and then set up Miguel Gutierrez to put Girona ahead. Portu sensationally volleyed home the fourth to ignite Gironaâ€™s tiny Montilivi stadium and get the party started. â€œThe players have entered Gironaâ€™s history books, what weâ€™ve done this year is incredible,â€ said Sanchez. Girona played Champions League music over the stadium sound system to give their fans a taste of things to come. â€œI want to play against Liverpool, I want a historic giant here, there are many, Bayern Munich, AC Milan, Inter.â€ â€œItâ€™s incredible to look at your shirt and experience this. There is nothing more beautiful than living this,â€ an emotional Portu told DAZN with tears rolling down his face. â€œI had a thorn in my side with this club. A few years ago, I experienced the other side, which was relegation and I felt very responsible because I played a lot. Today I made amends with the fans and I can smile again.â€ For Barcelona, third, the summer will be for self-reflection rather than dreams. â€œItâ€™s a shame, we sink with any negative situation,â€ said Barcelona coach Xavi after Barcelona lost their crown. â€œLike this itâ€™s impossible to compete.â€",https://www.aljazeera.com/sports/2024/5/5/la-liga-title-for-real-madrid-champions-league-for-girona-as-barca-lose,Al Jazeera,"La Liga title for Real Madrid, Champions League for Girona as Barca lose"
Sports,"Japanâ€™s undisputed super bantamweight world champion, Naoya Inoue, has survived an early scare to stop Mexicoâ€™s Luis Nery in the sixth round at the Tokyo Dome and defend his titles. Fans at the famous venue, which seats more than 45,000 people, were stunned on Monday when Nery floored the unbeaten â€œMonsterâ€ in the first round with a huge left. But Inoue got up and knocked his Mexican opponent down in the following round and sent him to the canvas again in the fifth before finishing him off with a right hook in the sixth. â€œIt was a great feeling to knock him down, but how about that surprise in the first round?â€ the 31-year-old Inoue asked. â€œAs a boxer, when that happens to you, it fires you up. It gave me a lot of energy.â€ It was the first boxing event to be held at the Tokyo Dome since 42-1 underdog James â€œBusterâ€ Douglas knocked out unbeaten heavyweight champion Mike Tyson in February 1990 in one of the sportâ€™s biggest upsets. â€œThere was a lot of pressure on me as the main event in the first boxing at Tokyo Dome in 34 years, but it gave me strength,â€ Inoue said. Inoue took his record to 27-0 with 24 wins by knockout. It was his first fight since becoming the undisputed super bantamweight world champion in December. He is just the second man to become undisputed world champion at two different weights since the four-belt era began in 2004. American Terence Crawford was the first. Fans at the Tokyo Dome gave the 31-year-old a rapturous welcome as he entered the cavernous venue with all four world championship belts up for grabs. A huge upset looked like it could be on the cards when Nery sent the champion sprawling. But it seemed to energise Inoue, and he came flying out of his corner to send Nery down in the second round. Inoue continued to land ferocious blows, and he sent his opponent to the canvas again with a left hook in the fifth round. The referee stopped the fight after Inoue downed Nery for a third time in the sixth round. Â  Nery, a former two-division world champion, was fighting in Japan for the first time since he was stripped of his bantamweight world title in 2018 after failing to make weight for a bout there. He was subsequently banned from fighting in Japan, but the countryâ€™s Boxing Commission gave him the green light to compete against Inoue. Nery was booed when he was introduced to the Tokyo Dome crowd. The 29-year-oldâ€™s record fell to 35-2 with 27 KOs. Inoue was fighting at super bantamweight for only the third time after beating American Stephen Fulton and Marlon Tapales of the Philippines last year for a clean sweep of the titles. He moved up in weight class after becoming the first undisputed bantamweight world champion since Panamaâ€™s Enrique Pinder in 1972. Earlier, fighting on the undercard, Japanâ€™s Yoshiki Takei beat Australian defending champion Jason Moloney by unanimous decision to win the WBO bantamweight world title. Takei started strongly before Moloney came back into the bout in his second title defence. But the Japanese fighter, a former kickboxer who had won all eight of his previous boxing matches by knockout, took the title in front of a raucous crowd .",https://www.aljazeera.com/sports/2024/5/6/inoue-vs-nery-japanese-champ-defends-super-bantamweight-titles-in-tokyo,Al Jazeera,Inoue stops Nery to remain undisputed super bantamweight champ
Sports,"This page is now closed. Thanks for joining us. These were the updates as Liverpool romped home to a 4-2 win over the Spurs at Anfield Stadium on Sunday, May 5, 2024:",https://www.aljazeera.com/sports/liveblog/2024/5/5/live-liverpool-vs-tottenham-premier-league-football-updates-score-commentary-goals,Al Jazeera,Salah scores to lead Liverpoolâ€™s 4-2 rout of Tottenham Hotspur
Sports,"Jalen Brunson shrugged off injury to spark a sensational second-half fightback as the New York Knicks battled past the Indiana Pacers 130-121 to take a 2-0 lead in their best-of-seven NBA playoff series on Wednesday. New York talisman Brunson gave his team a huge scare after suffering a foot injury in the first quarter which forced him to sit out the remainder of the half at Madison Square Garden. Indiana exploited Brunsonâ€™s absence to open up a 10-point advantage by half-time and were soon 12 points up in the third quarter after an early Andrew Nembhard layup. But a limping Brunson â€“ who returned at the start of the third quarter â€“ led a stunning rally as the Knicks outscored Indiana 36-18 in the third to take a 99-91 lead into the fourth quarter. The Knicks then dug deep to hold onto their advantage in the fourth, outscoring the Pacers 31-30 to close out a famous victory. Brunson finished with 29 points and five assists while Donte DiVincenzo and OG Anunoby came up big with 28 points apiece. Josh Hart added 19 points with 15 rebounds while Isaiah Hartenstein was huge defensively, with 12 rebounds, eight assists and 14 points. Jalen Brunson lights it up in Game 2, scoring 24 of his 29 PTS in the 2nd half propelling the   to the 2-0 series lead! Game 3 is Friday at 7pm/et on ESPN. OG Anunoby: 28 PTS (playoff career high), 4 3PM Josh Hart: 19 PTS, 15 REB, 7 AST Donte DiVincenzo: 28 PTS & 6 3PMâ€¦  â€” NBA (@NBA)  â€œWe found a way, thatâ€™s it,â€ said an exhausted Brunson. â€œFor us it starts with our habits â€” weâ€™ve talked about doing the little things from day one a little bit better, because you never know when theyâ€™re going to help you in a big game. â€œItâ€™s all about doing the little things well every single day, and we pride ourselves on that.â€ The victory came at a cost though for the Knicks, who were already missing injured first-choice players Julius Randle, Mitchell Robinson and Bojan Bogdanovic. As well as the injury to Brunson on Wednesday, the Knicks saw another player injured with Anunoby limping out of the game in the third quarter with a hamstring problem. Somehow the Knicks hung on to edge past the Pacers, with Brunson pouring in 14 fourth-quarter points and DiVincenzo adding eight points including two crucial three-pointers that helped keep Indiana at armâ€™s length. Knicks coach Tom Thibodeau revealed the team were uncertain of whether Brunson would continue after missing the second quarter. â€œWe didnâ€™t know if he was going to be able to go or not, but he found a way to get it done,â€ Thibodeau said. Tyrese Haliburton led Indianaâ€™s scorers with 34 points while Nembhard finished with 15 points and Pascal Siakam 14. Obi Toppin added 20 from the bench. Pacers coach Rick Carlisle was ejected late in the fourth quarter after ranting at officials following a decision to overturn a double-dribble call against the Knicksâ€™ Hartenstein. Carlisle took aim at the officiating crew following the defeat, saying his team had been unfairly treated. â€œIâ€™m always talking to our guys about not making it all about the officials, but we deserve a fair shot,â€ Carlisle said. â€œThereâ€™s not a consistent balance and thatâ€™s disappointing. Give New York credit for the physicality that theyâ€™re playing with. But their physicality is rewarded and ours is penalized.â€",https://www.aljazeera.com/sports/2024/5/9/nba-playoffs-brunson-guides-ny-knicks-win-over-indiana-pacers,Al Jazeera,Brunson shines as NY Knicks fight back to beat Indiana Pacers in Game 2
Sports,"This page is now closed. Thanks for joining us. These were the updates as Guinea beat Indonesia 1-0 in the playoff for the final menâ€™s football place at the Paris 2024 Olympics on Thursday, May 9:",https://www.aljazeera.com/sports/liveblog/2024/5/9/live-indonesia-vs-guinea-afc-caf-intercontinental-olympic-mens-football-playoff-for-paris-2024-score-commentary-goals,Al Jazeera,Guinea defeat Indonesia to book final football spot at Paris 2024 Olympics
Sports,"McLarenâ€™s Lando Norris has won the first Formula One race of his career with a shock victory over world champion Max Verstappen in the Miami Grand Prix. Breathing life into an F1 season that risked becoming a one-man story again, Norris, in his 110th race for McLaren, beat Verstappen by more than seven seconds, with Ferrariâ€™s Charles Leclerc finishing third. Verstappen, who began on pole, had won four of the opening five races of the season and leads the world championship standings. It looked like business as usual with the Dutchman, who had won the previous two Miami races, leading until lap 24 when he pitted and Norrisâ€™s McLaren teammate Oscar Piastri took the lead. Australian Piastri himself went into the pits four laps later, allowing Norris to grab the lead and the British driver never looked back. Crucially, Norris was able to pit during a safety car on lap 30, earning him a valuable time advantage which he never relinquished. The safety car came after Kevin Magnussen clipped Logan Sargeant, sending the American Williams driver into the wall and bringing a yellow flag. Norris, who had 15 podiums before his first win, took full advantage of the safety car and with Verstappen struggling to catch up, he secured his maiden victory. It was the first time Verstappen had been beaten on track when he finished the race since Ferrariâ€™s Carlos Sainz won in Singapore in September last year. Your top ten in the 2024 Miami Grand Prix! ğŸŒ´     â€” Formula 1 (@F1)  Norris was hoisted in the air by the McLaren mechanics as his long wait for a victory in the sport came to an end. â€œAbout time huh?â€ said Norris, â€œI knew on Friday that we had the pace â€¦ today we managed to put it together. We had the perfect strategy. It all paid off,â€ he added. â€œI guess a lot of people doubted me along the way. Iâ€™ve made a lot of mistakes over the last five years, my short career, but today we pulled it all together, so this is all for the team. â€œI stuck with McLaren because I could believe in them and I did believe in them and today proved exactly that,â€ he added. Pulling into the pit lane Norris was mobbed by his team, congratulated by the other drivers and cheered by a massive crowd at the Miami International Autodrome. LANDO NORRIS IS A FORMULA 1 RACE WINNER! LANDO WINS THE  !!! ğŸ§¡  â€” McLaren (@McLarenF1)  The nearest Norris had come previously to winning a Grand Prix was in Sochi, Russia in 2021 when he led in the latter stages before failing to make a tyre change early in the rain, costing him dearly. Verstappen, who had complained about lack of grip in qualification and during Sundayâ€™s race, said his Red Bull had been unable to keep up with Norris once the McLaren driver switched to hard tyres. â€œThey just had more pace, Lando was flying. It was incredibly difficult for us, but on the bad days P2, Iâ€™ll take it right? â€œIâ€™m very happy for Lando, itâ€™s been a long time coming and itâ€™s not going to be his last one. He definitely deserves it,â€ said the Dutchman. Very happy for  , congrats mate! ğŸ‘ For us it was not our strongest race, but I'll take P2 today.    â€” Max Verstappen (@Max33Verstappen)  Leclerc echoed those sentiments. â€œVery often he ran very close to it, but for one reason or another, he didnâ€™t make it. But today he did an incredible job, and the whole weekend he has been on it,â€ said the Ferrari driver. As in the first two years of the Miami Grand Prix, held around Hard Rock Stadium, the home of the NFLâ€™s Miami Dolphins, the race attracted plenty of celebrities. Former France international footballer and coach Zinedine Zidane, singer Ed Sheeran, Super Bowl-winning quarterback Patrick Mahomes and former US President Donald Trump were among those spotted at the race. Trump visited the McLaren garage before the race. Trump, who visited the McLaren garage prior to the race, was delighted to back a winner, telling Norris later he was his lucky charm. â€œHe saw me after and he came to congratulate me,â€ said Norris, who had told his grandmother before coming to Miami that he was going to win a race. Norrisâ€™s parents were ecstatic, though they werenâ€™t in Miami to witness the moment. â€œThe ciderâ€™s flowing in Somerset! A big celebration,â€ Adam Norris told Sky Sports. â€œI was working out itâ€™s probably about 900 races Iâ€™ve been to over the last 16 years. â€œItâ€™s brilliant. So happy for him.â€ Anthony Hamilton, another father instrumental in the success of his son â€“ seven times world champion Lewis â€“ also texted Norris congratulations. Norris was still finalising plans on how he was going to celebrate his maiden victory, but he was already thinking about a second win. â€œThis only happens once when you take your first win. Tonight is going to be a good night,â€ said Norris, confirming team boss Zak Brown had delayed the flight home until Monday so there would be a proper celebration. You never forget your first! Congratulations   for your first   career win! ğŸ¤©  ğŸ‡ºğŸ‡¸    â€” Scuderia Ferrari HP (@ScuderiaFerrari)",https://www.aljazeera.com/sports/2024/5/6/miami-gp-mclarens-lando-norris-pips-verstappen-in-careers-first-f1-win,Al Jazeera,â€˜He deserves itâ€™: Lando Norris pips Verstappen in careerâ€™s first F1 win
Sports,"This page is now closed. Thanks for joining us. These were the updates as Real Madrid beat Bayern Munich 4-3 on aggregate to reach the Champions League final on Wednesday, May 8:",https://www.aljazeera.com/sports/liveblog/2024/5/8/live-real-madrid-vs-bayern-munich-champions-league-semifinal-second-leg,Al Jazeera,Joseluâ€™s late double breaks Bayern Munich hearts as Real Madrid reach final
Sports,"This page is now closed. Thanks for joining us. These were the updates as Borussia Dortmund beat PSG 1-0 in their Champions League semifinal second leg on Tuesday, May 7:",https://www.aljazeera.com/sports/liveblog/2024/5/7/live-paris-saint-germain-vs-borussia-dortmund-champions-league-semifinal,Al Jazeera,PSG dumped out of Champions League as Dortmund reach the final in London
Sports,"Tunisiaâ€™s Olympic 400-metre freestyle champion Ahmed Hafnaoui is unlikely to defend his title at this yearâ€™s Games in Paris due to an injury. The 21-year-oldâ€™s participation at the Paris Olympics was cast in doubt after Mehrez Bousyan, head of the Tunisian Olympic Committee, told a locally televised sports programme that Hafnaoui will miss â€œa significant portionâ€ of the Games, according to Africa Aquatics. However, the swimmer has refused to rule himself out completely. â€œIâ€™m currently suffering from an injury, and I donâ€™t know whether or not I will participate in the Olympics,â€ the 21-year-old Tunisian swimmer told AFP news agency on Wednesday. He did not give details of the injury. Boussayene said â€œnothing is confirmedâ€, adding the swimmer had a â€œdeveloping injuryâ€ in his comments to AFP. â€œMore than just medals, we seek above all the wellbeing of this young man who brought us so much joy,â€ said Boussayene. â€œHe will have other world competitions.â€ Hafnaouiâ€™s   sent a wave of wild celebrations through the North African nation. The then 18-year-old finished in three minutes, 43.26 seconds despite being the slowest qualifier to start the final. Hafnaoui went on to win the 800-metre and 1,500-metre freestyle titles at last yearâ€™s World Championships in Fukuoka, Japan. If he swims in Paris this year, he has a chance to match Tunisiaâ€™s top Olympic swimmer Oussama Mellouli, who won two golds and a bronze in the 2008 and 2012 Games. The countryâ€™s top Olympic medallist is long-distance runner Mohammed Gammoudi, winner of four medals, including one gold in the 5,000-metre in 1968, between 1964 and 1972.",https://www.aljazeera.com/sports/2024/5/8/tunisias-olympic-swimming-champion-ahmed-hafnaoui-to-miss-paris-2024,Al Jazeera,Tunisiaâ€™s Olympic swimming champ Ahmed Hafnaoui likely to miss Paris 2024
Sports,"Luis Suarez scored a hat-trick and Lionel Messi had an incredible five assists and a goal in the second half as a rampant Inter Miami crushed the New York Red Bulls 6-2 in Major League Soccer. Two-goal substitute Matias Rojas sparked the second-half rout from Eastern Conference leaders Inter after New York had led 1-0 at the break. Without Messi, Miami had fallen to a 4-0 defeat to the Red Bulls in New York in March, but they more than avenged that loss with a merciless second-half demolition job on Saturday. Messiâ€™s five assists, which all came in the second half, are a new record for an MLS game and he now has 10 goals and 12 assists in eight league appearances so far this season. Operating behind Suarez, Messiâ€™s passing through the slightest of gaps, taking advantage of his former Barcelona teammateâ€™s telepathic understanding of his intentions, was simply too much for the Red Bulls, who came into the game third in the East. â€œObviously what we have seen today surprises people, because you donâ€™t see that in football,â€ said Suarez of Messiâ€™s five assists. â€œBut as a teammate and someone who knows him, nothing surprises me about him,â€ added the Uruguayan. The 37-year-old Suarezâ€™s triples take his own tally to 10 in 11 league games for Miami and despite no longer being blessed with pace, his deadly finishing clearly remains intact. While it was the kind of attacking display that Miami owners Jorge Mas and David Beckham surely dreamed of when they brought in the star pairing, there was no sign of the explosiveness in the opening half. Dante Vanzeir had put the Red Bulls ahead in the 30th minute, slotting home after Wikelman Carmonaâ€™s shot came out off the post, following a superb through pass from Swedish playmaker Emil Forsberg. Gerardo Martinoâ€™s Inter lacked intensity and ideas in the opening 45 minutes but the coachâ€™s half-time change transformed the game. Paraguayan Rojas was introduced for the second half and took just three minutes to make an impact, collecting a pass from Messi and evading two defenders before unleashing an unstoppable drive from 25 yards out. Messi then put Miami in front when Rojas robbed Carmona and found Suarez, who slipped the ball to the Argentinian, who made no mistake. The eight-time Ballon dâ€™Or winner then turned provider again as he split the New York defence with a brilliant through ball to Rojas, who deftly chipped over the advancing Carlos Coronel. Suarezâ€™s hat-trick then came in the space of 12 minutes â€“ he first found the target when Messi chipped in a ball from the right and the Uruguayan hooked home a volley. It was playground stuff minutes later when Suarez played a one-two with Messi and then poked home to make it 5-1. Messi was yet again the creator for Miamiâ€™s sixth, which Suarez turned in from close range from the tightest of angles. â€œThe partnership of him [Messi] and Luis [Suarez] in the second half worked very well, like in old times â€¦ They were very influential in the game,â€ said Martino. New York had a late consolation in the final seconds with a penalty from Forsberg.",https://www.aljazeera.com/sports/2024/5/5/messi-and-saurez-lead-inter-miamis-6-2-mls-win-over-new-york-red-bulls,Al Jazeera,â€˜Like old timesâ€™: Messi and Suarez shine in Inter Miamiâ€™s 6-2 win
